name;n;r;parallel;time;result;loops_no
SEQ_IKJ 128;128;0;0;522377.128391;0.0020
SEQ_IKJ 256;256;0;0;4199694.285805;0.0090
SEQ_IKJ 512;512;0;0;33596827.820351;0.0680
SEQ_IKJ 1024;1024;0;0;268743606.034103;0.5980